{"cameraMode":{"drawMode":0,"name":"Shaded","section":"Shading Mode"},"sceneLighting":true,"audioPlay":false,"sceneViewState":{"showFog":true,"showMaterialUpdate":false,"showSkybox":true,"showFlares":true,"showImageEffects":true,"showParticleSystems":true},"in2DMode":false,"pivot":{"x":-0.7402809262275696,"y":-1.024965763092041,"z":-1.5888807773590088},"rotation":{"x":0.017130641266703607,"y":0.89103764295578,"z":-0.4524035155773163,"w":0.033689796924591067},"size":17.38998794555664,"orthographic":false}